Company,MRP,Product,Selling_price
Philips,"1,895",Philips GC1905 1440-Watt Steam Iron with Spray (Blue),"1,263"
Symphony,"6,799",Symphony Diet 12T 12 Litre Personal Air Cooler (White) - with i-Pure Technology,"5,799"
Morphy Richards,"1,010",Morphy Richards Daisy 1000-Watt Dry Iron (White),499
Usha,"2,490",Usha Maxx Air 400mm Pedestal Fan (White),"2,199"
Bajaj,920,Bajaj Majesty DX 6 1000-Watt Dry Iron (White),896
Bajaj,849,Bajaj Majesty DX 11 1000-Watt Dry Iron (Blue/White),549
Orient Electric,990,Orient Electric Fabrijoy DIFJ10BP 1000-Watt Dry Iron (White and Blue),489
Usha,800,Usha EI 1602 1000-Watt Lightweight Dry Iron (multi-colour),482
Usha,"2,030",Usha Maxx Air 400mm 55-Watt Table Fan (White),"1,889"
Bajaj,"1,380",Bajaj Majesty MX 3 1250-Watt Steam Iron,949
Usha,"1,575",Usha Diplomat 1200 mm 74-Watt Ceiling Fan (Rich Brown),"1,345"
Bajaj,875,Bajaj DX 7 1000-Watt Dry Iron,744
Orpat,949,Orpat OEI 187 1200-Watt Dry Iron (White and Blue),559
Symphony,"10,499",Symphony Hicool i 31 Litre Air Cooler (White) - with Remote Control and i-Pure Technology,"8,999"
Havells,"2,910",Havells Swing Platina 400mm Wall Fan (White),"2,297"
Inalsa,"4,595",Inalsa Spruce-1200W Vacuum Cleaner for Home with Blower Function and Reusable dust Bag (Red/Black),"2,995"
Usha,"9,000",Usha Janome Dream Stitch Automatic Zig-Zag Electric Sewing Machine (White and Blue),"6,789"
Usha,820,Usha EI 3602 1000-Watt Lightweight Dry Iron (ICY Blue),599
Crompton Greaves,"2,725",Crompton  Hiflo 400mm Pedestal Fan LG,"2,549"
Crompton Greaves,"17,200",Crompton Greaves Ozone 75-Litre Desert Air Cooler (White/Grey),"9,900"
Bajaj,"6,490",Bajaj Frio 23 Ltrs Personal Air Cooler (White),"5,445"
Crompton,"1,520",Crompton Hill Briz 1200mm Ceiling Fan (Brown),"1,500"
Bajaj,"1,075",Bajaj Ultima PT01 200mm Table Fan (White),"1,004"
Usha,"1,520",Usha Aerostyle 1200mm 74-Watt Ceiling Fan (Rich Brown),"1,275"
,,,
Inalsa,"1,995",Inalsa Handy Steam 600-Watt Garment Steamer (White/Purple),"1,199"
Bajaj,"6,290",Bajaj PCF 25DLX 24 Ltrs Room Air Cooler (White) - for Medium Room,"5,420"
Bajaj,"4,640",Bajaj Flora 3-Litre Instant Water Heater (White),"2,710"
Crompton Greaves,"3,060",Crompton Aure Prime Anti Dust 1200mm Ceiling Fan (Birken),"2,279"
Inalsa,995,Inalsa Ruby 1000-Watt Dry Iron with Non-Stick Coated Soleplate (White and Purple),385
Usha,"1,200",Usha Crisp Air 200mm Exhaust Fan (Pearl White),"1,049"
Philips,"1,545",Philips GC181 Heavy Weight 1000-Watt Dry Iron (Black),"1,219"
Crompton,"6,300",Crompton Uranus 1200mm 72-Watt Ceiling Fan (Ivory),"4,789"
Bajaj,"1,460",Bajaj Maxima 600 mm Ceiling Fan (Brown),"1,438"
Havells,875,Havells Era 1000-Watt Dry Iron (Grey/White),679
Symphony,"11,700",Symphony Diet 22i 22 Litre Air Cooler (White) - with Remote Control and i-Pure Technology,"7,990"
Philips,"1,495",Philips GC1011 1200-Watt Steam Iron (Color May Vary),"1,145"
Symphony,"6,599",Symphony Ice Cube 27 Litre Air Cooler (White-Blue) - with i-Pure Technology,"6,310"
Bajaj,600,Bajaj Popular Plus 750-Watt Dry Iron (White),524
Bajaj,665,Bajaj 1500-Watt Immersion Heater with 16A Plug Type,537
Usha,"1,820",Usha Diplomat 1200 mm 74-Watt Ceiling Fan (Rich White),"1,345"
Morphy Richards,895,Morphy Richards Inspira 1000-Watt Dry Iron (White and Black),535
Luminous,"2,140",Luminous Dhoom 1200mm Ceiling Fan (White),"1,669"
Bajaj,"1,290",Bajaj DHX 9 1000-Watt Dry Iron (Ivory Color),998
Havells,"2,310",Havells Pacer 1200mm Ceiling Fan (Brown),"1,979"
Philips,895,Philips HI113 1000-Watt Plastic Body PTFE Coating Dry Iron,839
Orient Electric,"7,990",Orient Electric Smartcool Dx CP2002H 20 litres Air Cooler (White and Light Grey),"4,996"
Philips,"3,195",Philips EasySpeed Plus GC2040 2100-Watt Steam Iron (Blue),"2,268"
Luminous,"1,640",Luminous Morpheus 1200mm Ceiling Fan (Brown),"1,554"
,,,
